split,threshold,threshold_mode,intercept,accuracy,precision,recall,f1,roc_auc,spearman_with_target
train,0.565,train_f1,-2.401896701811465,0.7511430437622469,0.1409921671018277,0.5094339622641509,0.22085889570552147,0.6888447533929163,-0.01560647456787638
test,0.565,train_f1,-2.401896701811465,0.7127937336814621,0.09615384615384616,0.38461538461538464,0.15384615384615385,0.6637578108166344,0.13936653602400353
